"1","6628e76d6496b1beaa4570ec","662616d4af1ed0c40898ba62","Thu Apr 25 2024 15:02:06 GMT+0700 (Indochina Time)","Sat Apr 27 2024 07:00:00 GMT+0700 (Indochina Time)","Borrowed"
"2","6628e90e6496b1beaa457119","66267bdc3845e4ecb477f0c8","Thu Apr 25 2024 15:02:30 GMT+0700 (Indochina Time)","Fri May 03 2024 07:00:00 GMT+0700 (Indochina Time)","Borrowed"
"3","6629cff56b63f8b675bdcf12","662616d4af1ed0c40898ba62","Thu Apr 25 2024 15:05:50 GMT+0700 (Indochina Time)","Fri Apr 26 2024 07:00:00 GMT+0700 (Indochina Time)","Borrowed"
"4","6629cff56b63f8b675bdcf12","662616d4af1ed0c40898ba62","Thu Apr 25 2024 15:06:06 GMT+0700 (Indochina Time)","Thu Apr 25 2024 15:06:06 GMT+0700 (Indochina Time)","Returned"
"5","6624ab6459b9ad2a654ba815","662616d4af1ed0c40898ba62","Thu Apr 25 2024 15:46:02 GMT+0700 (Indochina Time)","Thu Apr 25 2024 07:00:00 GMT+0700 (Indochina Time)","Borrowed"
"6","6629cff56b63f8b675bdcf12","66267bdc3845e4ecb477f0c8","Thu Apr 25 2024 15:54:05 GMT+0700 (Indochina Time)","Thu Apr 25 2024 07:00:00 GMT+0700 (Indochina Time)","Borrowed"
"7","6629cff56b63f8b675bdcf12","66267bdc3845e4ecb477f0c8","Thu Apr 25 2024 15:54:19 GMT+0700 (Indochina Time)","Thu Apr 25 2024 15:54:19 GMT+0700 (Indochina Time)","Returned"
"8","6629cff56b63f8b675bdcf12","662616d4af1ed0c40898ba62","Thu Apr 25 2024 15:54:25 GMT+0700 (Indochina Time)","Fri May 03 2024 07:00:00 GMT+0700 (Indochina Time)","Borrowed"
"9","6629cff56b63f8b675bdcf12","662616d4af1ed0c40898ba62","Thu Apr 25 2024 15:54:38 GMT+0700 (Indochina Time)","Thu Apr 25 2024 15:54:38 GMT+0700 (Indochina Time)","Returned"
"10","6629cff56b63f8b675bdcf12","662616d4af1ed0c40898ba62","Thu Apr 25 2024 15:56:32 GMT+0700 (Indochina Time)","Fri Apr 26 2024 07:00:00 GMT+0700 (Indochina Time)","Borrowed"
"11","6629cff56b63f8b675bdcf12","662616d4af1ed0c40898ba62","Thu Apr 25 2024 15:57:02 GMT+0700 (Indochina Time)","Thu Apr 25 2024 15:57:02 GMT+0700 (Indochina Time)","Returned"
"12","6624ace359b9ad2a654ba84a","6629517bea9ccb8489260628","Thu Apr 25 2024 16:02:38 GMT+0700 (Indochina Time)","Thu Apr 25 2024 07:00:00 GMT+0700 (Indochina Time)","Borrowed"
"13","6624acaa59b9ad2a654ba83e","6629517bea9ccb8489260628","Thu Apr 25 2024 16:02:49 GMT+0700 (Indochina Time)","Sun Apr 21 2024 07:00:00 GMT+0700 (Indochina Time)","Borrowed"
"14","6624ace359b9ad2a654ba84a","6629517bea9ccb8489260628","Thu Apr 25 2024 16:03:07 GMT+0700 (Indochina Time)","Thu Apr 25 2024 16:03:07 GMT+0700 (Indochina Time)","Returned"
"15","6624ace359b9ad2a654ba84a","6629517bea9ccb8489260628","Thu Apr 25 2024 16:03:24 GMT+0700 (Indochina Time)","Thu Apr 25 2024 07:00:00 GMT+0700 (Indochina Time)","Borrowed"
"16","6624ace359b9ad2a654ba84a","6629517bea9ccb8489260628","Thu Apr 25 2024 16:04:15 GMT+0700 (Indochina Time)","Thu Apr 25 2024 16:04:15 GMT+0700 (Indochina Time)","Returned"
"17","662643623e09d8c92d73c27d","6629517bea9ccb8489260628","Thu Apr 25 2024 16:04:32 GMT+0700 (Indochina Time)","Thu May 09 2024 07:00:00 GMT+0700 (Indochina Time)","Borrowed"
"18","662643623e09d8c92d73c27d","6629517bea9ccb8489260628","Thu Apr 25 2024 16:04:57 GMT+0700 (Indochina Time)","Thu Apr 25 2024 16:04:57 GMT+0700 (Indochina Time)","Returned"
"19","6624acaa59b9ad2a654ba83e","6629517bea9ccb8489260628","Thu Apr 25 2024 16:06:25 GMT+0700 (Indochina Time)","Thu Apr 25 2024 16:06:25 GMT+0700 (Indochina Time)","Returned"
"20","662643623e09d8c92d73c27d","6629517bea9ccb8489260628","Thu Apr 25 2024 16:07:46 GMT+0700 (Indochina Time)","Sat Apr 27 2024 07:00:00 GMT+0700 (Indochina Time)","Borrowed"
"21","6629cff56b63f8b675bdcf12","6629517bea9ccb8489260628","Thu Apr 25 2024 16:07:59 GMT+0700 (Indochina Time)","Sat May 11 2024 07:00:00 GMT+0700 (Indochina Time)","Borrowed"
"22","662643623e09d8c92d73c27d","6629517bea9ccb8489260628","Thu Apr 25 2024 16:09:13 GMT+0700 (Indochina Time)","Thu Apr 25 2024 16:09:13 GMT+0700 (Indochina Time)","Returned"
"23","6629cff56b63f8b675bdcf12","6629517bea9ccb8489260628","Thu Apr 25 2024 16:11:30 GMT+0700 (Indochina Time)","Thu Apr 25 2024 16:11:30 GMT+0700 (Indochina Time)","Returned"
"24","6629cff56b63f8b675bdcf12","6629517bea9ccb8489260628","Thu Apr 25 2024 16:13:30 GMT+0700 (Indochina Time)","Sun May 12 2024 07:00:00 GMT+0700 (Indochina Time)","Borrowed"
"25","6629cff56b63f8b675bdcf12","6629517bea9ccb8489260628","Thu Apr 25 2024 16:15:31 GMT+0700 (Indochina Time)","Sun May 12 2024 07:00:00 GMT+0700 (Indochina Time)","Thu Apr 25 2024 16:15:31 GMT+0700 (Indochina Time)","Returned"
"26","662a230243c1177f1d2f4709","66267bdc3845e4ecb477f0c8","Thu Apr 25 2024 16:33:05 GMT+0700 (Indochina Time)","Fri Apr 26 2024 07:00:00 GMT+0700 (Indochina Time)","Borrowed"
"27","662a230243c1177f1d2f4709","66267bdc3845e4ecb477f0c8","Thu Apr 25 2024 16:34:37 GMT+0700 (Indochina Time)","Fri Apr 26 2024 07:00:00 GMT+0700 (Indochina Time)","Thu Apr 25 2024 16:34:37 GMT+0700 (Indochina Time)","Returned"
"28","6628e90e6496b1beaa457119","66267bdc3845e4ecb477f0c8","Thu Apr 25 2024 16:44:59 GMT+0700 (Indochina Time)","Fri May 03 2024 07:00:00 GMT+0700 (Indochina Time)","Thu Apr 25 2024 16:44:59 GMT+0700 (Indochina Time)","Returned"
"29","6628e90e6496b1beaa457119","66267bdc3845e4ecb477f0c8","Thu Apr 25 2024 17:17:25 GMT+0700 (Indochina Time)","Fri Apr 26 2024 07:00:00 GMT+0700 (Indochina Time)","Borrowed"
"30","6628e90e6496b1beaa457119","66267bdc3845e4ecb477f0c8","Thu Apr 25 2024 17:18:20 GMT+0700 (Indochina Time)","Fri Apr 26 2024 07:00:00 GMT+0700 (Indochina Time)","Thu Apr 25 2024 17:18:20 GMT+0700 (Indochina Time)","Returned"
"31","662644953e09d8c92d73c2c1","66267bdc3845e4ecb477f0c8","Thu Apr 25 2024 20:41:52 GMT+0700 (Indochina Time)","Sat Apr 27 2024 07:00:00 GMT+0700 (Indochina Time)","Borrowed"
"32","662643dc3e09d8c92d73c295","66267bdc3845e4ecb477f0c8","Thu Apr 25 2024 20:42:03 GMT+0700 (Indochina Time)","Mon Apr 22 2024 07:00:00 GMT+0700 (Indochina Time)","Borrowed"
"33","6626445a3e09d8c92d73c2b5","66267bdc3845e4ecb477f0c8","Thu Apr 25 2024 20:42:15 GMT+0700 (Indochina Time)","Sat May 04 2024 07:00:00 GMT+0700 (Indochina Time)","Borrowed"
"34","6624acaa59b9ad2a654ba83e","66267bdc3845e4ecb477f0c8","Thu Apr 25 2024 20:53:23 GMT+0700 (Indochina Time)","Fri Apr 19 2024 07:00:00 GMT+0700 (Indochina Time)","Borrowed"
